Name,Address,Detail URL,Phone,Website,Email
"Launch Coworking - Southside","1460 Chevrier Blvd #200, Winnipeg, MB R3T 1Y6","https://www.google.com/maps/place/Launch+Coworking+-+Southside/data=!4m7!3m6!1s0x52ea75a4d5183231:0x2e5229309a5ea34e!8m2!3d49.825165!4d-97.169141!16s%2Fg%2F11c5bn7fs8!19sChIJMTIY1aR16lIRTqNemjApUi4?authuser=0&hl=en&rclk=1","(204) 285-9511","https://launchcoworking.ca","hello@launchcoworking.ca"
"Createful Spaces","359 McDermot Ave, Winnipeg, MB R3A 0A6","https://www.google.com/maps/place/Createful+Spaces/data=!4m7!3m6!1s0x52ea71a26333f34b:0x14f1e779a7576143!8m2!3d49.8988158!4d-97.1452989!16s%2Fg%2F11kqlv8k4t!19sChIJS_MzY6Jx6lIRQ2FXp3nn8RQ?authuser=0&hl=en&rclk=1","(431) 557-5529","https://createful.ca","user@domain.com"
"Launch Coworking - Downtown","185 Carlton St #200, Winnipeg, MB R3C 3J1","https://www.google.com/maps/place/Launch+Coworking+-+Downtown/data=!4m7!3m6!1s0x52ea71ad79d14f53:0xf947b08a3c33125!8m2!3d49.8896278!4d-97.1440715!16s%2Fg%2F11vyxwjp21!19sChIJU0_Rea1x6lIRJTHDowh7lA8?authuser=0&hl=en&rclk=1","(204) 285-9511","https://calendly.com","support@calendly.com"
"TableSpace Coworking | Office, Coworking, Meeting & Event Space","196 Osborne St, Winnipeg, MB R3L 1Z3","https://www.google.com/maps/place/TableSpace+Coworking+%7C+Office,+Coworking,+Meeting+%26+Event+Space/data=!4m7!3m6!1s0x52ea77550cf9af55:0x5249da981f9b718a!8m2!3d49.8761145!4d-97.1430384!16s%2Fg%2F11hdwd8tk7!19sChIJVa_5DFV36lIRinGbH5jaSVI?authuser=0&hl=en&rclk=1","(204) 202-3210","https://tablespace.ca","hello@tablespace.ca"
"Launch Coworking - Exchange","167 Lombard Ave suite 500, Winnipeg, MB R3B 3H8","https://www.google.com/maps/place/Launch+Coworking+-+Exchange/data=!4m7!3m6!1s0x52ea71a89a16f0e9:0x7259ba4cb9092e7a!8m2!3d49.8965529!4d-97.136573!16s%2Fg%2F11jdb1zh7t!19sChIJ6fAWmqhx6lIRei4JuUy6WXI?authuser=0&hl=en&rclk=1","(204) 285-9511","https://launchcoworking.ca","hello@launchcoworking.ca"
"888 Business Centre","888 Sargent Ave, Winnipeg, MB R3E 0C7","https://www.google.com/maps/place/888+Business+Centre/data=!4m7!3m6!1s0x52ea7373bc720ebd:0x3ff6c1fcc4bd4088!8m2!3d49.8968526!4d-97.1723822!16s%2Fg%2F11j12tb66w!19sChIJvQ5yvHNz6lIRiEC9xPzB9j8?authuser=0&hl=en&rclk=1","(431) 998-9868","https://nordstrandttn.ca","888@nordstrandttn.ca"
"Akin's Business Centre","819 Sargent Ave, 202 204/206 Unit 106, Winnipeg, MB R3E 0B9","https://www.google.com/maps/place/Akin%27s+Business+Centre/data=!4m7!3m6!1s0x52ea7306c5863b73:0xdbc27c2c6d3ca70d!8m2!3d49.897094!4d-97.169409!16s%2Fg%2F11srs214n6!19sChIJczuGxQZz6lIRDac8bSx8wts?authuser=0&hl=en&rclk=1","(431) 441-7372","https://akinsbiz.ca","abc.akinsgroup@gmail.com"
"Osborne Place Business Center","257 Osborne St Unit 200, Winnipeg, MB R3L 1Z6","https://www.google.com/maps/place/Osborne+Place+Business+Center/data=!4m7!3m6!1s0x52ea779c35c56cf1:0xdabc69ce92a98fbe!8m2!3d49.8741954!4d-97.1419236!16s%2Fg%2F11hz3jj8lk!19sChIJ8WzFNZx36lIRvo-pks5pvNo?authuser=0&hl=en&rclk=1","(204) 421-0444","",""
"HQ","93 Lombard Ave #210, Winnipeg, MB R3B 3B1","https://www.google.com/maps/place/HQ/data=!4m7!3m6!1s0x52ea71e1fb3c4367:0xc9e319f2320dd3bd!8m2!3d49.8957435!4d-97.1340581!16s%2Fg%2F11vyq102s3!19sChIJZ0M8--Fx6lIRvdMNMvIZ48k?authuser=0&hl=en&rclk=1","(431) 341-9670","https://hq.com",""
"Regus","330 St Mary Ave Suite 300, Winnipeg, MB R3C 3Z5","https://www.google.com/maps/place/Regus/data=!4m7!3m6!1s0x52ea7157152d4f55:0x4c5cc0af435303fd!8m2!3d49.8902184!4d-97.1428495!16s%2Fg%2F11bz_2nl36!19sChIJVU8tFVdx6lIR_QNTQ6_AXEw?authuser=0&hl=en&rclk=1","(204) 809-5700","https://regus.com",""
"Offices In Winnipeg - Shared Office Space","305F Madison St, Winnipeg, MB R3J 1H9","https://www.google.com/maps/place/Offices+In+Winnipeg+-+Shared+Office+Space/data=!4m7!3m6!1s0x52ea73c02ed5cb03:0x4bcacf135deab0e2!8m2!3d49.8838799!4d-97.2038279!16s%2Fg%2F11k53y0lqf!19sChIJA8vVLsBz6lIR4rDqXRPPyks?authuser=0&hl=en&rclk=1","(431) 222-3100","https://officesinwinnipeg.com","madison@officesinwinnipeg.com"
"Exchange Office Spaces","283 Bannatyne Ave Unit 210, Winnipeg, MB R3B 3B2","https://www.google.com/maps/place/Exchange+Office+Spaces/data=!4m7!3m6!1s0x52ea71a7fd334a51:0x9567fe36c27178a1!8m2!3d49.8984842!4d-97.1412977!16s%2Fg%2F11y2qd19by!19sChIJUUoz_adx6lIRoXhxwjb-Z5U?authuser=0&hl=en&rclk=1","(204) 272-3787","https://exchangeofficespaces.ca",""
"Offices In Winnipeg","710 Westminster Ave, Winnipeg, MB R3G 1A3","https://www.google.com/maps/place/Offices+In+Winnipeg/data=!4m7!3m6!1s0x52ea734a7d28ace1:0x6773d192be743e75!8m2!3d49.8816477!4d-97.1606098!16s%2Fg%2F11tg80qw72!19sChIJ4awofUpz6lIRdT50vpLRc2c?authuser=0&hl=en&rclk=1","(204) 392-3506","https://officesinwinnipeg.com","madison@officesinwinnipeg.com"
"Motto","72 Princess St, Winnipeg, MB R3B 1K2","https://www.google.com/maps/place/Motto/data=!4m7!3m6!1s0x52ea7144ed48ac57:0xbc3d615e74edfa72!8m2!3d49.8976188!4d-97.1430075!16s%2Fg%2F11s84jvryr!19sChIJV6xI7URx6lIRcvrtdF5hPbw?authuser=0&hl=en&rclk=1","(204) 228-0006","https://mottoworkspace.com",""
"Outworks Gallery","290 McDermot Ave, Winnipeg, MB R3B 1K4","https://www.google.com/maps/place/Outworks+Gallery/data=!4m7!3m6!1s0x52ea715c1a18ad41:0xc3d25cece0a2702b!8m2!3d49.8983154!4d-97.1424713!16s%2Fg%2F1tcykptr!19sChIJQa0YGlxx6lIRK3Ci4Oxc0sM?authuser=0&hl=en&rclk=1","","https://outworksgallery.com","info@outworksgalllery.com"
"Skullspace","374 Donald St 2nd Floor, Winnipeg, MB R3B 2J3","https://www.google.com/maps/place/Skullspace/data=!4m7!3m6!1s0x52ea715dcf001a07:0x7cfd9ef8b9600239!8m2!3d49.8960111!4d-97.144483!16s%2Fg%2F1v1kpj65!19sChIJBxoAz11x6lIROQJgufie_Xw?authuser=0&hl=en&rclk=1","(204) 480-4092","https://skullspace.ca","events@skullspace.ca"
"Regus","201 Portage Ave 18th Floor, Winnipeg, MB R3B 3K6","https://www.google.com/maps/place/Regus/data=!4m7!3m6!1s0x52ea715ba2d7874f:0x15de805d231aa43b!8m2!3d49.8955556!4d-97.139612!16s%2Fg%2F1tf3119r!19sChIJT4fXoltx6lIRO6QaI12A3hU?authuser=0&hl=en&rclk=1","(204) 926-8500","https://regus.com",""
"16788165 Canada Inc.","888 Sargent Ave, Winnipeg, MB R3E 0C7","https://www.google.com/maps/place/16788165+Canada+Inc./data=!4m7!3m6!1s0x52ea735a508c02bf:0xf3dd461355e8abe6!8m2!3d49.8968531!4d-97.1723513!16s%2Fg%2F11mkxz0s84!19sChIJvwKMUFpz6lIR5qvoVRNG3fM?authuser=0&hl=en&rclk=1","(204) 775-1500","",""
"Creative Collective Winnipeg","45 McDermot Ave FOURTH FLOOR, Winnipeg, MB R3B 0C5","https://www.google.com/maps/place/Creative+Collective+Winnipeg/data=!4m7!3m6!1s0x52ea71449a7454a9:0xa95f0916110fca95!8m2!3d49.8964891!4d-97.1340308!16s%2Fg%2F11vwlts9vc!19sChIJqVR0mkRx6lIRlcoPERYJX6k?authuser=0&hl=en&rclk=1","","",""
"Balance Management","65 Dewdney Ave, Winnipeg, MB R3B 0E1","https://www.google.com/maps/place/Balance+Management/data=!4m7!3m6!1s0x52ea713c6af1dcad:0x3036d32effb4ca6c!8m2!3d49.9013803!4d-97.1166433!16s%2Fg%2F11l30ydmlk!19sChIJrdzxajxx6lIRbMq0_y7TNjA?authuser=0&hl=en&rclk=1","(204) 560-8282","",""
"North Forge","100 Innovation Dr #441, Winnipeg, MB R3T 6G2","https://www.google.com/maps/place/North+Forge/data=!4m7!3m6!1s0x52ea75f47d3a77d7:0x62fe37b018bedf8c!8m2!3d49.8019531!4d-97.1482248!16s%2Fg%2F1wc47mkl!19sChIJ13c6ffR16lIRjN--GLA3_mI?authuser=0&hl=en&rclk=1","(204) 262-6400","https://northforge.ca","info@northforge.ca"
"Space2Work","179 McDermot Ave, Winnipeg, MB R3B 0S1","https://www.google.com/maps/place/Space2Work/data=!4m7!3m6!1s0x52ea715ca22fa6f5:0xbe0686fc1965c13d!8m2!3d49.8973556!4d-97.1377809!16s%2Fg%2F1tj1rr3_!19sChIJ9aYvolxx6lIRPcFlGfyGBr4?authuser=0&hl=en&rclk=1","(204) 946-5515","https://space2work.com",""
"Wescanai Winnipeg","877 Preston Ave, Winnipeg, MB R3G 3M4","https://www.google.com/maps/place/Wescanai+Winnipeg/data=!4m7!3m6!1s0x52ea7300217764db:0x12c8674914eb679d!8m2!3d49.8840565!4d-97.1703013!16s%2Fg%2F11w8ybkll6!19sChIJ22R3IQBz6lIRnWfrFElnyBI?authuser=0&hl=en&rclk=1","","",""
"201 Portage","201 Portage Ave, Winnipeg, MB R3C 0B9","https://www.google.com/maps/place/201+Portage/data=!4m7!3m6!1s0x52ea715b757cfdcb:0xda928102fd45d644!8m2!3d49.8956509!4d-97.139115!16s%2Fg%2F11khd4bt5j!19sChIJy_18dVtx6lIRRNZF_QKBkto?authuser=0&hl=en&rclk=1","(204) 988-1060","https://201portage.com","gauriti@harvard.ca"
"True North Square","242 Hargrave St, Winnipeg, MB R3C 0T8","https://www.google.com/maps/place/True+North+Square/data=!4m7!3m6!1s0x52ea71582b2ec675:0xa680ebe998b0ae5!8m2!3d49.8907808!4d-97.143777!16s%2Fg%2F11g6yn7gcw!19sChIJdcYuK1hx6lIR5QqLmb4OaAo?authuser=0&hl=en&rclk=1","(204) 942-6446","https://truenorthsquare.com","truenorthsquare@bentallgreenoak.com"
"jr sshi Bes Winnipeg","460 Furby St, Winnipeg, MB R3B 1Z8","https://www.google.com/maps/place/jr+sshi+Bes+Winnipeg/data=!4m7!3m6!1s0x52ea73003e4ed969:0xde33f22251bbac04!8m2!3d49.8923762!4d-97.1576794!16s%2Fg%2F11y75pf8xn!19sChIJadlOPgBz6lIRBKy7USLyM94?authuser=0&hl=en&rclk=1","","",""
"Launch Coworking - Village | Winnipeg | Shared Workspace | Office Space | Meeting & Event Space","130 Scott St, Winnipeg, MB R3L 0K8","https://www.google.com/maps/place/Launch+Coworking+-+Village+%7C+Winnipeg+%7C+Shared+Workspace+%7C+Office+Space+%7C+Meeting+%26+Event+Space/data=!4m7!3m6!1s0x52ea77595ba2491f:0x2eb6fb31c4af9d9d!8m2!3d49.8793575!4d-97.140743!16s%2Fg%2F11jr80mwt1!19sChIJH0miW1l36lIRnZ2vxDH7ti4?authuser=0&hl=en&rclk=1","(204) 285-9511","https://launchcoworking.ca","hello@launchcoworking.ca"
"WIS Entrepreneur Hub","902 Rosser Ave, Brandon, MB R7A 6Y9","https://www.google.com/maps/place/WIS+Entrepreneur+Hub/data=!4m7!3m6!1s0x52e797cbfc8bc1f5:0x2df5c627a4404f27!8m2!3d49.8483246!4d-99.9502397!16s%2Fg%2F11vsgv8hg2!19sChIJ9cGL_MuX51IRJ09ApCfG9S0?authuser=0&hl=en&rclk=1","(204) 727-6031","https://westmanimmigrantservices.ca",""
"CoWork Brandon","522 Oakfield Dr, Brandon, FL 33511, United States","https://www.google.com/maps/place/CoWork+Brandon/data=!4m7!3m6!1s0x88c2cd395dfd7def:0x45162f3bff707f59!8m2!3d27.9341098!4d-82.2916145!16s%2Fg%2F11vhzsf04g!19sChIJ7339XTnNwogRWX9w_zsvFkU?authuser=0&hl=en&rclk=1","+1 813-548-0181","https://coworkbrandon.com","coworkbrandon@gmail.com"
"CoWorks Inc.","1209 Richmond Ave Unit C, Brandon, MB R7A 1M5","https://www.google.com/maps/place/CoWorks+Inc./data=!4m7!3m6!1s0x52e791adbaff510b:0x75e6319eae08bcb4!8m2!3d49.8277938!4d-99.95437!16s%2Fg%2F11lqcylvjx!19sChIJC1H_uq2R51IRtLwIrp4x5nU?authuser=0&hl=en&rclk=1","","",""
"Southeast Event Centre","321 Elmdale St, Steinbach, MB R5G 0E8","https://www.google.com/maps/place/Southeast+Event+Centre/data=!4m7!3m6!1s0xabb18eab4858fa17:0x60215579b88f4e74!8m2!3d49.5272916!4d-96.68209!16s%2Fg%2F11r_mq_6b_!19sChIJF_pYSKuOsasRdE6PuHlVIWA?authuser=0&hl=en&rclk=1","(204) 320-3900","https://southeasteventcentre.ca",""
"Friedensfeld Community Centre","32004 Rd 35E, Sarto, MB R5G 2H1","https://www.google.com/maps/place/Friedensfeld+Community+Centre/data=!4m7!3m6!1s0x52ea89704048a605:0x9162e201d5ed35a9!8m2!3d49.4737908!4d-96.6695964!16s%2Fg%2F1hdz6_mdg!19sChIJBaZIQHCJ6lIRqTXt1QHiYpE?authuser=0&hl=en&rclk=1","(204) 326-2760","https://friedensfeldcc.com","friedesfeldcc@gmail.com"
"Clearspring Centre","178 Provincial Trunk Hwy 12, Steinbach, MB R5G 1T6","https://www.google.com/maps/place/Clearspring+Centre/data=!4m7!3m6!1s0x52c028f348a9c9e7:0x76c36eff87dd137!8m2!3d49.5472555!4d-96.6909637!16s%2Fg%2F1ptwc0xgb!19sChIJ58mpSPMowFIRN9F9-O82bAc?authuser=0&hl=en&rclk=1","(204) 326-1633","https://clearspringcentre.com",""
"Coffee Culture Cafe & Eatery - Steinbach","327 Main St, Steinbach, MB R5G 1Z2","https://www.google.com/maps/place/Coffee+Culture+Cafe+%26+Eatery+-+Steinbach/data=!4m7!3m6!1s0x52c035b97b1d7889:0xb98d0e0f04feeef0!8m2!3d49.5257501!4d-96.6833877!16s%2Fg%2F11btwk2_r0!19sChIJiXgde7k1wFIR8O7-BA8Ojbk?authuser=0&hl=en&rclk=1","(204) 326-4565","https://coffeeculturecafe.com","info@coffeeculturecafe.com"
"Launch Coworking - Exchange","167 Lombard Ave suite 500, Winnipeg, MB R3B 3H8","https://www.google.com/maps/place/Launch+Coworking+-+Exchange/data=!4m7!3m6!1s0x52ea71a89a16f0e9:0x7259ba4cb9092e7a!8m2!3d49.8965529!4d-97.136573!16s%2Fg%2F11jdb1zh7t!19sChIJ6fAWmqhx6lIRei4JuUy6WXI?authuser=0&hl=en&rclk=1","(204) 285-9511","https://launchcoworking.ca","hello@launchcoworking.ca"
"Stone City Coffee Roasters","178 MB-12 #1, Steinbach, MB R5G 1T6","https://www.google.com/maps/place/Stone+City+Coffee+Roasters/data=!4m7!3m6!1s0xa57032a65dbc6edf:0xac519223508b77fc!8m2!3d49.547098!4d-96.691537!16s%2Fg%2F11spqdxp84!19sChIJ3268XaYycKUR_HeLUCOSUaw?authuser=0&hl=en&rclk=1","(204) 371-9489","https://stonecitycoffeeroasters.com","info@stonecitycoffeeroasters.com"
"Steinbach Landfill Facility","104 Hanover Rd E, Steinbach, MB R5G 0E4","https://www.google.com/maps/place/Steinbach+Landfill+Facility/data=!4m7!3m6!1s0x52c035890fd8febf:0x1badafcee0fd6bdd!8m2!3d49.5017509!4d-96.6800689!16s%2Fg%2F11bwd_r165!19sChIJv_7YD4k1wFIR3Wv94M6vrRs?authuser=0&hl=en&rclk=1","(204) 346-6500","https://steinbach.ca","communications@steinbach.ca"
"CollabHive – Coworking & Private Offices in Kitchener","72 Victoria St S, Kitchener, ON N2G 4Y9","https://www.google.com/maps/place/CollabHive+%E2%80%93+Coworking+%26+Private+Offices+in+Kitchener/data=!4m7!3m6!1s0x882bf513601411e7:0x574d170524835336!8m2!3d43.4510526!4d-80.5003097!16s%2Fg%2F11ww17w6_g!19sChIJ5xEUYBP1K4gRNlODJAUXTVc?authuser=0&hl=en&rclk=1","+1 855-265-4483","https://collabhive.ca","info@collabhive.ca"
"Wurkhub - Antares Business Center","602 12 Ave SW #500, Calgary, AB T2R 1J3","https://www.google.com/maps/place/Wurkhub+-+Antares+Business+Center/data=!4m7!3m6!1s0x53716ffdb26762b9:0xc3b470ac5d5af71a!8m2!3d51.0419718!4d-114.0746801!16s%2Fg%2F11kqt78yzj!19sChIJuWJnsv1vcVMRGvdaXaxwtMM?authuser=0&hl=en&rclk=1","(403) 407-1937","https://wurkhub.ca","admin@wurkhub.ca"
"Work Nicer | Rail Yards","1210 20 Ave SE, Calgary, AB T2G 1M8","https://www.google.com/maps/place/Work+Nicer+%7C+Rail+Yards/data=!4m7!3m6!1s0x53717bc36e9a1413:0x891485fc29df23b9!8m2!3d51.0359265!4d-114.0365045!16s%2Fg%2F11clvtgl9h!19sChIJExSabsN7cVMRuSPfKfyFFIk?authuser=0&hl=en&rclk=1","(587) 316-2782","https://worknicer.com","hello@worknicer.com"
"CollabHive – Coworking & Private Offices in Scarborough","305 Milner Ave #700, Scarborough, ON M1B 3V4","https://www.google.com/maps/place/CollabHive+%E2%80%93+Coworking+%26+Private+Offices+in+Scarborough/data=!4m7!3m6!1s0x89d4d161c4eefbd5:0x19dab53350d1a016!8m2!3d43.7894193!4d-79.236172!16s%2Fg%2F11wmqjncfw!19sChIJ1fvuxGHR1IkRFqDRUDO12hk?authuser=0&hl=en&rclk=1","+1 855-265-4483","https://collabhive.ca","info@collabhive.ca"
"Staples","190 MB-12, Steinbach, MB R0A 0C1","https://www.google.com/maps/place/Staples/data=!4m7!3m6!1s0x52c035bf2d30f2e7:0x505ed239a2098e4!8m2!3d49.5489676!4d-96.6900227!16s%2Fg%2F1tfzgdv6!19sChIJ5_IwLb81wFIR5JggmiPtBQU?authuser=0&hl=en&rclk=1","(204) 320-4670","https://stores.staples.ca","facebook@staples.ca"
"Createful Spaces","359 McDermot Ave, Winnipeg, MB R3A 0A6","https://www.google.com/maps/place/Createful+Spaces/data=!4m7!3m6!1s0x52ea71a26333f34b:0x14f1e779a7576143!8m2!3d49.8988158!4d-97.1452989!16s%2Fg%2F11kqlv8k4t!19sChIJS_MzY6Jx6lIRQ2FXp3nn8RQ?authuser=0&hl=en&rclk=1","(431) 557-5529","https://createful.ca","user@domain.com"
"TableSpace Coworking | Office, Coworking, Meeting & Event Space","196 Osborne St, Winnipeg, MB R3L 1Z3","https://www.google.com/maps/place/TableSpace+Coworking+%7C+Office,+Coworking,+Meeting+%26+Event+Space/data=!4m7!3m6!1s0x52ea77550cf9af55:0x5249da981f9b718a!8m2!3d49.8761145!4d-97.1430384!16s%2Fg%2F11hdwd8tk7!19sChIJVa_5DFV36lIRinGbH5jaSVI?authuser=0&hl=en&rclk=1","(204) 202-3210","https://tablespace.ca","hello@tablespace.ca"
"T.G. Smith Centre","321 Elmdale St, Steinbach, MB R5G 0E8","https://www.google.com/maps/place/T.G.+Smith+Centre/data=!4m7!3m6!1s0x52c035b9a24bdf8d:0x6a7624acc4e0dee!8m2!3d49.5266155!4d-96.681316!16s%2Fm%2F0b6nqpr!19sChIJjd9Lork1wFIR7g1OzEpipwY?authuser=0&hl=en&rclk=1","(204) 320-3900","https://southeasteventcentre.ca",""
"Snap Fitness Steinbach","48 PTH 52 W, Steinbach, MB R5G 1X7","https://www.google.com/maps/place/Snap+Fitness+Steinbach/data=!4m7!3m6!1s0x52c035bf2d30f1f1:0x43e0287f685fa62c!8m2!3d49.5315784!4d-96.6947966!16s%2Fg%2F1ptx1t12w!19sChIJ8fEwLb81wFIRLKZfaH8o4EM?authuser=0&hl=en&rclk=1","(204) 320-9990","https://snapfitness.com","memberships@snapfitness.com"
"HUB International","197A Main St, Steinbach, MB R5G 0E3","https://www.google.com/maps/place/HUB+International/data=!4m7!3m6!1s0x52c035b07164540d:0x481923a20e3b3674!8m2!3d49.5290935!4d-96.6888723!16s%2Fg%2F1pzpqxh4w!19sChIJDVRkcbA1wFIRdDY7DqIjGUg?authuser=0&hl=en&rclk=1","(204) 326-3425","https://hubinternational.com",""
"Dufresne Furniture & Appliances Store","180 Main St, Steinbach, MB R5G 1Y6","https://www.google.com/maps/place/Dufresne+Furniture+%26+Appliances+Store/data=!4m7!3m6!1s0x52c035b0735c7a27:0xcd692e902e447fcd!8m2!3d49.528846!4d-96.68953!16s%2Fg%2F11c4bcy8f6!19sChIJJ3pcc7A1wFIRzX9ELpAuac0?authuser=0&hl=en&rclk=1","(204) 326-7587","https://stores.dufresne.ca","sasingh+cypress@dufresne.ca"
"The Rental House","98 Industrial Rd, Steinbach, MB R5G 1V5","https://www.google.com/maps/place/The+Rental+House/data=!4m7!3m6!1s0x52c03591557553f7:0x12da721889c5f866!8m2!3d49.5416127!4d-96.702743!16s%2Fg%2F11st_zgzwl!19sChIJ91N1VZE1wFIRZvjFiRhy2hI?authuser=0&hl=en&rclk=1","(204) 326-2266","https://therentalhouse.com","infomb@therentalhouse.com"
"L.A. Barkman Park","199 Woodhaven Ave, Steinbach, MB R5G 0X1","https://www.google.com/maps/place/L.A.+Barkman+Park/data=!4m7!3m6!1s0x52c035a7375b9a85:0x35f6cb95678f49f6!8m2!3d49.5235322!4d-96.7000921!16s%2Fg%2F1tcxtx3b!19sChIJhZpbN6c1wFIR9kmPZ5XL9jU?authuser=0&hl=en&rclk=1","","",""
"Steinbach MCC Thrift Shop","409 Main St, Steinbach, MB R1A 1V1","https://www.google.com/maps/place/Steinbach+MCC+Thrift+Shop/data=!4m7!3m6!1s0x52c035bf2bc6aa9b:0x24f5fc9ac3ed052b!8m2!3d49.5238889!4d-96.68!16s%2Fg%2F1tw1dh2b!19sChIJm6rGK781wFIRKwXtw5r89SQ?authuser=0&hl=en&rclk=1","(204) 326-6642","https://mccthrift.com","thrift@mcc.org"
"False Front Golf Simulators","140 MB-52, Steinbach, MB R5G 2Y7","https://www.google.com/maps/place/False+Front+Golf+Simulators/data=!4m7!3m6!1s0x52c1cb841d75b36d:0x305a90fb233de4f8!8m2!3d49.530291!4d-96.704663!16s%2Fg%2F11yjnlr5vq!19sChIJbbN1HYTLwVIR-OQ9I_uQWjA?authuser=0&hl=en&rclk=1","","https://falsefront.ca","info@falsefront.ca"
"Bhe beh Tea","197 Main St, Steinbach, MB R5G 1Y6","https://www.google.com/maps/place/Bhe+beh+Tea/data=!4m7!3m6!1s0x52c035a77bbd6b97:0xbeeb4c0334c84cac!8m2!3d49.5291153!4d-96.6883588!16s%2Fg%2F11q35s80z_!19sChIJl2u9e6c1wFIRrEzINANM674?authuser=0&hl=en&rclk=1","(431) 205-6261","https://m.facebook.com","dev7561@gmail.com"
"The Sugar Room","40 MB-52 #14, Steinbach, MB R5G 0Y3","https://www.google.com/maps/place/The+Sugar+Room/data=!4m7!3m6!1s0x52c035f3dbc6797d:0xe089e3b46d335761!8m2!3d49.5314185!4d-96.6943615!16s%2Fg%2F11sv008ny3!19sChIJfXnG2_M1wFIRYVczbbTjieA?authuser=0&hl=en&rclk=1","","",""
"888 Business Centre","888 Sargent Ave, Winnipeg, MB R3E 0C7","https://www.google.com/maps/place/888+Business+Centre/data=!4m7!3m6!1s0x52ea7373bc720ebd:0x3ff6c1fcc4bd4088!8m2!3d49.8968526!4d-97.1723822!16s%2Fg%2F11j12tb66w!19sChIJvQ5yvHNz6lIRiEC9xPzB9j8?authuser=0&hl=en&rclk=1","(431) 998-9868","https://nordstrandttn.ca","888@nordstrandttn.ca"
"Bright Workspace","76 Lake St, St. Catharines, ON L2R 5X4","https://www.google.com/maps/place/Bright+Workspace/data=!4m7!3m6!1s0x89d35140cbb1ec5f:0xc5559395e6ace5ad!8m2!3d43.1627702!4d-79.250262!16s%2Fg%2F11vwxpsbkv!19sChIJX-yxy0BR04kRreWs5pWTVcU?authuser=0&hl=en&rclk=1","(289) 775-0045","https://officernd.com",""
"Bright Workspace","8 Christie St, Grimsby, ON L3M 4H4","https://www.google.com/maps/place/Bright+Workspace/data=!4m7!3m6!1s0x882ca59adf057807:0x81227eae969d40a1!8m2!3d43.1945994!4d-79.5619912!16s%2Fg%2F11wpq2zzjt!19sChIJB3gF35qlLIgRoUCdlq5-IoE?authuser=0&hl=en&rclk=1","(289) 775-0045","https://officernd.com",""
"The Edge","MB-52 E, Steinbach, MB R5G 1Z8","https://www.google.com/maps/place/The+Edge/data=!4m7!3m6!1s0x52c037bd8925d70f:0x8fa91d617e9961eb!8m2!3d49.5164189!4d-96.6437775!16s%2Fg%2F11jp2vzdhp!19sChIJD9clib03wFIR62GZfmEdqY8?authuser=0&hl=en&rclk=1","(204) 326-9831","https://frantzinn.ca","info@frantzinn.ca"
"Victory Training Centre Inc.","62 Life Sciences Pkwy, Steinbach, MB R5G 2G6","https://www.google.com/maps/place/Victory+Training+Centre+Inc./data=!4m7!3m6!1s0x8245f8e75ebb2f67:0x2e073d2dca67e868!8m2!3d49.5218528!4d-96.663246!16s%2Fg%2F11kbc3fpkv!19sChIJZy-7Xuf4RYIRaOhnyi09By4?authuser=0&hl=en&rclk=1","(204) 712-6008","https://victorytrainingcentre.ca","sebastian@aldusleaf.org"
"Roadhouse 52 Inn & Suites","375 N Front Dr B, Steinbach, MB R5G 0X7","https://www.google.com/maps/place/Roadhouse+52+Inn+%26+Suites/data=!4m10!3m9!1s0x52c03500b60e0171:0xbd4bbf23754c1357!5m2!4m1!1i2!8m2!3d49.5337721!4d-96.706754!16s%2Fg%2F11f6dlm0_r!19sChIJcQEOtgA1wFIRVxNMdSO_S70?authuser=0&hl=en&rclk=1","(204) 326-5885","https://roadhouse52.ca","info@roadhouse52.ca"
"EG Penner Building Centre","200 Park Rd W, Steinbach, MB R5G 1A1","https://www.google.com/maps/place/EG+Penner+Building+Centre/data=!4m7!3m6!1s0x52c0344e4035d1a3:0xc9e2388bfe3f4404!8m2!3d49.5441284!4d-96.6935865!16s%2Fg%2F1tctf7pm!19sChIJo9E1QE40wFIRBEQ__os44sk?authuser=0&hl=en&rclk=1","(204) 326-1325","https://egpenner.com","info@egpenner.com"
"Anytime Fitness","145 Main St #6, Steinbach, MB R5G 1Y6","https://www.google.com/maps/place/Anytime+Fitness/data=!4m7!3m6!1s0x52c035b038af7d29:0xba0233fa2337869!8m2!3d49.5301941!4d-96.6900085!16s%2Fg%2F11fzjgtlmy!19sChIJKX2vOLA1wFIRaXgzoj8joAs?authuser=0&hl=en&rclk=1","(204) 381-8788","https://anytimefitness.com","mediainquiries@sebrands.com"
"Schinkel Properties Inc","40 N Gate Dr #12H, Steinbach, MB R5G 2T9","https://www.google.com/maps/place/Schinkel+Properties+Inc/data=!4m7!3m6!1s0x52c035b1af364e49:0x4a7985ae83f28c56!8m2!3d49.5671163!4d-96.6902738!16s%2Fg%2F1hc0xlcz0!19sChIJSU42r7E1wFIRVozyg66FeUo?authuser=0&hl=en&rclk=1","(204) 326-2640","https://schinkelproperties.com","aval@schinkelproperties.com"
"RRC Polytech - Steinbach Campus","385 Loewen Blvd, Steinbach, MB R5G 0H4","https://www.google.com/maps/place/RRC+Polytech+-+Steinbach+Campus/data=!4m7!3m6!1s0x52c035ced567d461:0xf25e730dabe2c1d1!8m2!3d49.5325727!4d-96.6723632!16s%2Fm%2F0cvhhys!19sChIJYdRn1c41wFIR0cHiqw1zXvI?authuser=0&hl=en&rclk=1","(204) 320-2500","https://rrc.ca","servicedesk@rrc.ca"
"Launch Coworking - Downtown","185 Carlton St #200, Winnipeg, MB R3C 3J1","https://www.google.com/maps/place/Launch+Coworking+-+Downtown/data=!4m7!3m6!1s0x52ea71ad79d14f53:0xf947b08a3c33125!8m2!3d49.8896278!4d-97.1440715!16s%2Fg%2F11vyxwjp21!19sChIJU0_Rea1x6lIRJTHDowh7lA8?authuser=0&hl=en&rclk=1","(204) 285-9511","https://calendly.com","support@calendly.com"
"Path Cowork","1965 Broad St Suite 25, Regina, SK S4P 1Y1","https://www.google.com/maps/place/Path+Cowork/data=!4m7!3m6!1s0x531c1fdc2c242b2b:0x1bb057b80baf1df8!8m2!3d50.4479171!4d-104.6058811!16s%2Fg%2F11gj_n_355!19sChIJKyskLNwfHFMR-B2vC7hXsBs?authuser=0&hl=en&rclk=1","(306) 522-5303","https://pathcowork.ca","hello@pathcowork.ca"
"CoLab Regina Workspaces LTD","1827 Albert St, Regina, SK S4P 2S9","https://www.google.com/maps/place/CoLab+Regina+Workspaces+LTD/data=!4m7!3m6!1s0x531c1fe4b58d6979:0xaab6e23cee4f1149!8m2!3d50.4500076!4d-104.6175981!16s%2Fg%2F11x5k7blrl!19sChIJeWmNteQfHFMRSRFP7jzitqo?authuser=0&hl=en&rclk=1","(306) 802-3522","https://colabregina.ca","info@colabregina.ca"
"The W Cowork","2075 Hamilton St, Regina, SK S4P 2E1","https://www.google.com/maps/place/The+W+Cowork/data=!4m7!3m6!1s0x531c1fe77310e8af:0x2b88688594a492cb!8m2!3d50.4457766!4d-104.6089825!16s%2Fg%2F11lmhstk2w!19sChIJr-gQc-cfHFMRy5KklIVoiCs?authuser=0&hl=en&rclk=1","(306) 209-2108","https://wregroup.ca","reception@wregroup.ca"
"Cowork Regina","2151 Albert St, Regina, SK S4P 2V1","https://www.google.com/maps/place/Cowork+Regina/data=!4m7!3m6!1s0x531c1e3fe5140007:0xaf912603145d1ccc!8m2!3d50.4445843!4d-104.6177726!16s%2Fg%2F11g_qmt4s_!19sChIJBwAU5T8eHFMRzBxdFAMmka8?authuser=0&hl=en&rclk=1","","https://coworkregina.com",""
"The Studio at Cornwall","2114 11th Ave, Regina, SK S4P 0J5","https://www.google.com/maps/place/The+Studio+at+Cornwall/data=!4m7!3m6!1s0x531c1fe50f21e55b:0x8a89d8b10ef2c1cd!8m2!3d50.4514753!4d-104.611519!16s%2Fg%2F11n_xc8rsv!19sChIJW-UhD-UfHFMRzcHyDrHYiYo?authuser=0&hl=en&rclk=1","(306) 529-3177","https://thestudioatcornwall.com","thestudioatcornwall@cushwake.com"
"Slant on Winnipeg","1201 Winnipeg St, Regina, SK S4R 1J6","https://www.google.com/maps/place/Slant+on+Winnipeg/data=!4m7!3m6!1s0x531c1f1bf40283ab:0x22452870bbfcba8d!8m2!3d50.4597338!4d-104.5949477!16s%2Fg%2F11syn9ymy3!19sChIJq4MC9BsfHFMRjbr8u3AoRSI?authuser=0&hl=en&rclk=1","(306) 216-9684","https://slantonwpg.com","605a7baede844d278b89dc95ae0a9123@sentry-next.wixpress.com"
"Regus Royal Bank Building","Royal Bank Building, 2020 11th Ave, Regina, SK S4P 0J3","https://www.google.com/maps/place/Regus+Royal+Bank+Building/data=!4m7!3m6!1s0x531c1e4666d6d013:0xcfa9395b7a9dec1c!8m2!3d50.4506393!4d-104.6104009!16s%2Fg%2F1q2wgfy52!19sChIJE9DWZkYeHFMRHOydels5qc8?authuser=0&hl=en&rclk=1","(306) 206-2700","https://regus.com",""
"HQ","335 Hoffer Dr Suite 100, Regina, SK S4N 6E2","https://www.google.com/maps/place/HQ/data=!4m7!3m6!1s0x531c1fcae46e0c55:0x836a57703e43c82e!8m2!3d50.4737039!4d-104.5824728!16s%2Fg%2F11vssfnvlh!19sChIJVQxu5MofHFMRLshDPnBXaoM?authuser=0&hl=en&rclk=1","(639) 386-5650","https://hq.com",""
"HQ","2125 11th Ave suite 200, Regina, SK S4P 3X3","https://www.google.com/maps/place/HQ/data=!4m7!3m6!1s0x531c1fc255b3e191:0xbddb22ad259acb77!8m2!3d50.4501512!4d-104.6118764!16s%2Fg%2F11vygt3c4s!19sChIJkeGzVcIfHFMRd8uaJa0i270?authuser=0&hl=en&rclk=1","(639) 387-5911","https://hq.com",""
"Collider Regina","10 Research Dr #260, Regina, SK S4S 7J7","https://www.google.com/maps/place/Collider+Regina/data=!4m7!3m6!1s0x531ea1334de90a8d:0x743cedfc4fef813c!8m2!3d50.4131006!4d-104.5894445!16s%2Fg%2F11vprny7f0!19sChIJjQrpTTOhHlMRPIHvT_ztPHQ?authuser=0&hl=en&rclk=1","(306) 798-7275","https://innovationsask.ca","saskatoon@innovationsask.ca"
"Norplex Business Centre","2366 Ave C North, Saskatoon, SK S7L 5Z9","https://www.google.com/maps/place/Norplex+Business+Centre/data=!4m7!3m6!1s0x5304f658233a9461:0x8303390e720d7fb1!8m2!3d52.163386!4d-106.673935!16s%2Fg%2F1tglmkhw!19sChIJYZQ6I1j2BFMRsX8Ncg45A4M?authuser=0&hl=en&rclk=1","(306) 653-2737","https://norplexbusinesscentre.com","laureen.reis@norplex.org"
"Broadway Collective","733 Broadway Ave #101, Saskatoon, SK S7N 1B3","https://www.google.com/maps/place/Broadway+Collective/data=!4m7!3m6!1s0x5304f1e12da18193:0xcc2f3b3358fc4d1f!8m2!3d52.1180305!4d-106.656433!16s%2Fg%2F11h5n5ly7r!19sChIJk4GhLeHxBFMRH038WDM7L8w?authuser=0&hl=en&rclk=1","(306) 229-6376","https://broadwaycollective.ca","hello@broadwaycollective.ca"
"Wallstreet Common","310 Wall St, Saskatoon, SK S7K 1N7","https://www.google.com/maps/place/Wallstreet+Common/data=!4m7!3m6!1s0x5304f6d85605fa5d:0xc8066dbe17953dd5!8m2!3d52.1329063!4d-106.6683649!16s%2Fg%2F11b7fhn333!19sChIJXfoFVtj2BFMR1T2VF75tBsg?authuser=0&hl=en&rclk=1","(306) 952-0200","https://wallstreetcommon.com","info@wallstreetcommon.com"
"The Two Twenty","220 20th St W, Saskatoon, SK S7M 0W9","https://www.google.com/maps/place/The+Two+Twenty/data=!4m7!3m6!1s0x5304f72900564857:0x36efc595a793df21!8m2!3d52.1263843!4d-106.6725897!16s%2Fg%2F11dflbkv61!19sChIJV0hWACn3BFMRId-Tp5XF7zY?authuser=0&hl=en&rclk=1","(306) 651-0510","https://thetwotwenty.ca","info@shiftdevelopment.com"
"Pulse Co-working","331 1st Ave N, Saskatoon, SK S7K 1X2","https://www.google.com/maps/place/Pulse+Co-working/data=!4m7!3m6!1s0x5304f7d506541537:0x86ec2679beab6c2c!8m2!3d52.1329923!4d-106.6641028!16s%2Fg%2F11yl83g0hl!19sChIJNxVUBtX3BFMRLGyrvnkm7IY?authuser=0&hl=en&rclk=1","(778) 760-1495","https://pulsecowork.com","user@domain.com"
"The Well Collab","Saskatoon, SK S7L 4R3","https://www.google.com/maps/place/The+Well+Collab/data=!4m7!3m6!1s0x5304f15b756c0267:0x858b232383456325!8m2!3d52.157902!4d-106.6701577!16s%2Fg%2F11ggtx9lkp!19sChIJZwJsdVvxBFMRJWNFgyMji4U?authuser=0&hl=en&rclk=1","","https://thewellcollaborative.com","user@domain.com"
"Collider Saskatoon","15 Innovation Blvd #230, Saskatoon, SK S7N 2X8","https://www.google.com/maps/place/Collider+Saskatoon/data=!4m7!3m6!1s0x5304f7fb4285fad5:0xad649c198197cf18!8m2!3d52.1409232!4d-106.6267614!16s%2Fg%2F11lcz32d_1!19sChIJ1fqFQvv3BFMRGM-XgRmcZK0?authuser=0&hl=en&rclk=1","(306) 933-6609","https://innovationsask.ca","saskatoon@innovationsask.ca"
"Ideas Inc.","120 Sonnenschein Way, Saskatoon, SK S7M 0W2","https://www.google.com/maps/place/Ideas+Inc./data=!4m7!3m6!1s0x5304f7297c1850b7:0xe8d718c8d90da66!8m2!3d52.1240101!4d-106.6715189!16s%2Fg%2F1vnrq85c!19sChIJt1AYfCn3BFMRZtqQjYxxjQ4?authuser=0&hl=en&rclk=1","(306) 653-2007","https://ideasyxe.com","info@ideasyxe.com"
"Centro Office Lounge","118 23 St E, Saskatoon, SK S7K 0K8","https://www.google.com/maps/place/Centro+Office+Lounge/data=!4m7!3m6!1s0x5304f6d7544bc0b9:0x737fd2119b8accc7!8m2!3d52.130588!4d-106.6634857!16s%2Fg%2F1v8y3ppv!19sChIJucBLVNf2BFMRx8yKmxHSf3M?authuser=0&hl=en&rclk=1","(306) 341-2666","",""
"Norplex Business Centre","2366 Ave C North, Saskatoon, SK S7L 5Z9","https://www.google.com/maps/place/Norplex+Business+Centre/data=!4m7!3m6!1s0x5304f658233a9461:0x8303390e720d7fb1!8m2!3d52.1633864!4d-106.6739352!16s%2Fg%2F1tglmkhw!19sChIJYZQ6I1j2BFMRsX8Ncg45A4M?authuser=0&hl=en&rclk=1","(306) 653-2737","https://norplexbusinesscentre.com","laureen.reis@norplex.org"
"Enterprise Centre","345 3 Ave S, Saskatoon, SK S7K 1M6","https://www.google.com/maps/place/Enterprise+Centre/data=!4m7!3m6!1s0x5304f6d5da7109a5:0x8fa931f4fdf96bc6!8m2!3d52.1245647!4d-106.6645861!16s%2Fg%2F11dx8gv6yv!19sChIJpQlx2tX2BFMRxmv5_fQxqY8?authuser=0&hl=en&rclk=1","","https://enterprise.ca","noSub_enerpriserentalcar@lexisnexis.com"
"Regus","111 2 Ave S Unit 400, Saskatoon, SK S7K 1K6","https://www.google.com/maps/place/Regus/data=!4m7!3m6!1s0x5304f707fc7ab2ed:0x251165cc276e064d!8m2!3d52.1286343!4d-106.6644517!16s%2Fg%2F11t17spy87!19sChIJ7bJ6_Af3BFMRTQZuJ8xlESU?authuser=0&hl=en&rclk=1","(306) 912-1550","https://regus.com",""
"The Guild Studios","230 22 St E #300, Saskatoon, SK S7K 0E9","https://www.google.com/maps/place/The+Guild+Studios/data=!4m7!3m6!1s0x5304f7b27e1c5019:0xdb6d7dd28fa4636a!8m2!3d52.1287515!4d-106.662729!16s%2Fg%2F11qp1gt56n!19sChIJGVAcfrL3BFMRamOkj9J9bds?authuser=0&hl=en&rclk=1","","https://theguildstudios.ca",""
"Dudley Common","2543 Dudley St, Saskatoon, SK S7M 5V3","https://www.google.com/maps/place/Dudley+Common/data=!4m7!3m6!1s0x5304f1f247c5d831:0x768f6e98415011a4!8m2!3d52.109643!4d-106.714664!16s%2Fg%2F11np3qtbb4!19sChIJMdjFR_LxBFMRpBFQQZhuj3Y?authuser=0&hl=en&rclk=1","","https://dudleycommon.ca","user@domain.com"
"Spaces Simplified","2410 Louise St, Saskatoon, SK S7J 0P2","https://www.google.com/maps/place/Spaces+Simplified/data=!4m7!3m6!1s0x5304f114caa96edd:0xd2d31e82ee1e62b!8m2!3d52.1000199!4d-106.6198993!16s%2Fg%2F11b5wjy7m8!19sChIJ3W6pyhTxBFMRK-bhLugxLQ0?authuser=0&hl=en&rclk=1","(306) 220-0866","",""
"Saskatoon Makerspace","#130, 209 Avenue D S, Saskatoon, SK S7M 1P8","https://www.google.com/maps/place/Saskatoon+Makerspace/data=!4m7!3m6!1s0x5304f7288abc01a3:0x464c480085d3c330!8m2!3d52.1273531!4d-106.675414!16s%2Fg%2F11c2pp3s6m!19sChIJowG8iij3BFMRMMPThQBITEY?authuser=0&hl=en&rclk=1","(306) 291-6494","https://saskatoonmakerspace.com","user@domain.com"
"Rockport Officeplex","2002 Quebec Ave, Saskatoon, SK S7K 1W4","https://www.google.com/maps/place/Rockport+Officeplex/data=!4m7!3m6!1s0x5304f6f15df9a391:0x9c16955a35d747ce!8m2!3d52.1567914!4d-106.6630094!16s%2Fg%2F1tf7rswg!19sChIJkaP5XfH2BFMRzkfXNVqVFpw?authuser=0&hl=en&rclk=1","(306) 934-0722","https://rockportofficeplex.com",""
"STUDIO92 Collective","2120 St George Ave, Saskatoon, SK S7M 0K7","https://www.google.com/maps/place/STUDIO92+Collective/data=!4m7!3m6!1s0x5304f13e3f780e27:0xabd2a4865b397f1!8m2!3d52.1045554!4d-106.6737694!16s%2Fg%2F11twj2w7nt!19sChIJJw54Pz7xBFMR8ZezZUgqvQo?authuser=0&hl=en&rclk=1","(306) 229-1005","https://studio92yxe.ca","info@studio92yxe.ca"
"TCU Place","35 22 St E, Saskatoon, SK S7K 0C8","https://www.google.com/maps/place/TCU+Place/data=!4m7!3m6!1s0x4165522cd665967f:0xe5d5602585afdca2!8m2!3d52.1287895!4d-106.6676471!16s%2Fm%2F0cmdgxs!19sChIJf5Zl1ixSZUERotyvhSVg1eU?authuser=0&hl=en&rclk=1","(306) 975-7777","https://tcuplace.com","inquiries@tcuplace.com"
"Women's Business Hub","733 C 1st Ave N, Saskatoon, SK S7K 1X9","https://www.google.com/maps/place/Women%27s+Business+Hub/data=!4m7!3m6!1s0x5304f720f3666859:0x962852ecda9315cc!8m2!3d52.1397056!4d-106.6607055!16s%2Fg%2F11pb7yb9pc!19sChIJWWhm8yD3BFMRzBWT2uxSKJY?authuser=0&hl=en&rclk=1","(306) 653-4464","https://womensbusinesshub.ca","skopendoor@sods.sk.ca"
"Studio 301 Inc.","301 1st Ave N, Saskatoon, SK S7K 1X2","https://www.google.com/maps/place/Studio+301+Inc./data=!4m7!3m6!1s0x5304f78dcad02c75:0x3490e5caec775aa1!8m2!3d52.1325505!4d-106.6643544!16s%2Fg%2F11ssf7lgtc!19sChIJdSzQyo33BFMRoVp37MrlkDQ?authuser=0&hl=en&rclk=1","(306) 381-6441","https://studio301yxe.com","user@domain.com"
"S&K Ventures","136 2 Ave S Unit 202, Saskatoon, SK S7K 7E6","https://www.google.com/maps/place/S%26K+Ventures/data=!4m7!3m6!1s0x5304f6d719404cf3:0x8e80b6ca5c76c5a9!8m2!3d52.1281407!4d-106.6638564!16s%2Fg%2F11lmncrsx4!19sChIJ80xAGdf2BFMRqcV2XMq2gI4?authuser=0&hl=en&rclk=1","(306) 880-5506","https://skventures.ca",""
"H.O.P. Youth Place","Shellbrook Hwy, 15 St NW, Prince Albert, SK S6V 2W9","https://www.google.com/maps/place/H.O.P.+Youth+Place/data=!4m7!3m6!1s0x53017a6477481917:0x553be5fc1ec6b839!8m2!3d53.2184232!4d-105.8019899!16s%2Fg%2F1xgrmlql!19sChIJFxlId2R6AVMRObjGHvzlO1U?authuser=0&hl=en&rclk=1","(306) 941-1070","https://hopyouth.com","info@hopyouth.ca"
"St. Albert Coworking","Reception, 12 Hebert Rd, St. Albert, AB T8N 5T8","https://www.google.com/maps/place/St.+Albert+Coworking/data=!4m7!3m6!1s0x53a025315ccebcc5:0xca0991ee493a4685!8m2!3d53.6237261!4d-113.6042231!16s%2Fg%2F11fj73hq2c!19sChIJxbzOXDEloFMRhUY6Se6RCco?authuser=0&hl=en&rclk=1","(780) 569-0227","https://anytimemailbox.com","support@anytimemailbox.com"
"EA Rawlinson Centre For The Arts","142 12 St W, Prince Albert, SK S6V 3B5","https://www.google.com/maps/place/EA+Rawlinson+Centre+For+The+Arts/data=!4m7!3m6!1s0x53017a86103204d9:0xb04d32c73f966b51!8m2!3d53.2023876!4d-105.7584291!16s%2Fg%2F1vc6d1lb!19sChIJ2QQyEIZ6AVMRUWuWP8cyTbA?authuser=0&hl=en&rclk=1","(306) 765-1270","https://earc.ca","cityclerk@citypa.com"
"33 River Street Apartment Homes","33 River St, Prince Albert, SK S6V 6C1","https://www.google.com/maps/place/33+River+Street+Apartment+Homes/data=!4m7!3m6!1s0x53017a7dbe478c1b:0x7e1eaeaf8ceeca2!8m2!3d53.2061786!4d-105.752564!16s%2Fg%2F11b5wffhnn!19sChIJG4xHvn16AVMRouzO-Orq4Qc?authuser=0&hl=en&rclk=1","(306) 700-2582","https://weidner.com",""